day,date,theme,seoFocus,path,imageUrl,caption
1,2026-08-12,crear-ruta,crear ruta bicicleta,/crear-ruta-bicicleta,https://pedalmap.es/social/pedalmap-post-crear-ruta.jpg,"Crea tu próxima ruta en bici en minutos.
Mapa · desnivel · superficie · viento.

Empieza Free → https://pedalmap.es/crear-ruta-bicicleta
#ciclismo #bici #rutas #pedalmap #españa"
2,2026-08-13,gpx-garmin,crear ruta GPX Garmin,/blog/exportar-gpx-garmin,https://pedalmap.es/social/pedalmap-post-gpx-garmin.jpg,"GPX de PedalMap → Garmin Connect → Edge.
Planifica con desnivel real antes de salir.

Guía: https://pedalmap.es/blog/exportar-gpx-garmin
#garmin #gpx #ciclismo #pedalmap"
3,2026-08-14,wahoo,pasar ruta Wahoo,/blog/pasar-ruta-wahoo,https://pedalmap.es/social/pedalmap-post-viento.jpg,"¿Wahoo ELEMNT?
Misma ruta PedalMap → GPX → app.
Suelo + viento + metros antes del entreno.

https://pedalmap.es/blog/pasar-ruta-wahoo
#wahoo #gpx #ciclismo #pedalmap"
4,2026-08-15,circular,ruta circular bicicleta,/ruta-circular-bicicleta,https://pedalmap.es/social/pedalmap-post-madrid.jpg,"¿Quieres ~60 km y 800 m+ sin destino fijo?
Modo Objetivo = ruta circular.
1 Free/mes · ilimitado en Premium.

https://pedalmap.es/ruta-circular-bicicleta
#entreno #ciclismo #pedalmap"
5,2026-08-16,viento,viento en la ruta bici,/blog/viento-en-la-ruta,https://pedalmap.es/social/pedalmap-post-premium.jpg,"El viento no se ve en Strava hasta que duele.
Míralo relativo a tu ruta antes de salir.

https://pedalmap.es/blog/viento-en-la-ruta
#ciclismo #entreno #pedalmap"
6,2026-08-17,desnivel,calcular desnivel ruta bici,/blog/calcular-desnivel-ruta-bici,https://pedalmap.es/social/pedalmap-reel-cover-gpx.jpg,"Los km mienten. El desnivel no.
Revisa el perfil antes de comprometerte.

https://pedalmap.es/blog/calcular-desnivel-ruta-bici
#ciclismo #desnivel #pedalmap"
7,2026-08-18,ciudad-málaga,rutas bicicleta Málaga,/rutas-bicicleta-malaga,https://pedalmap.es/social/pedalmap-reel-cover-objetivo.jpg,"Rutas de bicicleta en Málaga: traza, mira metros y lleva GPX.

Guía: https://pedalmap.es/rutas-bicicleta-malaga
#malaga #ciclismo #pedalmap"
8,2026-08-19,gravel,planificador rutas gravel,/planificador-rutas-gravel,https://pedalmap.es/social/pedalmap-reel-cover-primera-ruta.jpg,"Gravel ≠ carretera ≠ MTB.
Mismo A→B, distinta bici = distinta ruta.

https://pedalmap.es/planificador-rutas-gravel
#gravel #ciclismo #pedalmap"
9,2026-08-20,mtb,planificador rutas MTB,/planificador-rutas-mtb,https://pedalmap.es/social/pedalmap-post-crear-ruta.jpg,"MTB con desnivel visible y track GPX.
Planifica la sierra antes de improvisar.

https://pedalmap.es/planificador-rutas-mtb
#mtb #ciclismo #pedalmap"
10,2026-08-21,komoot,alternativa Komoot España,/alternativa-komoot,https://pedalmap.es/social/pedalmap-post-gpx-garmin.jpg,"¿Buscas alternativa a Komoot en España para planificar (no scrollear tracks)?
PedalMap: desnivel · viento · GPX · Free.

https://pedalmap.es/alternativa-komoot
#komoot #ciclismo #pedalmap"
11,2026-08-22,perfil-bici,perfil bici carretera gravel MTB,/blog/elegir-perfil-bici,https://pedalmap.es/social/pedalmap-post-viento.jpg,"Carretera, gravel o MTB: el perfil cambia el track.
Elige bien antes de calcular.

https://pedalmap.es/blog/elegir-perfil-bici
#ciclismo #pedalmap"
12,2026-08-23,osmand,GPX OsmAnd Organic Maps,/blog/gpx-osmand-organic-maps,https://pedalmap.es/social/pedalmap-post-madrid.jpg,"Sin Edge: GPX + OsmAnd / Organic Maps.
Misma ruta PedalMap en el móvil.

https://pedalmap.es/blog/gpx-osmand-organic-maps
#osmand #gpx #ciclismo #pedalmap"
13,2026-08-24,primera-ruta,crear ruta bicicleta online,/blog/primera-ruta-pedalmap,https://pedalmap.es/social/pedalmap-post-premium.jpg,"Primera ruta en PedalMap en 5 minutos.
Origen + destino + bici + calcular.

https://pedalmap.es/blog/primera-ruta-pedalmap
#tutorial #ciclismo #pedalmap"
14,2026-08-25,grupeta,compartir ruta grupeta GPX,/blog/compartir-ruta-grupeta,https://pedalmap.es/social/pedalmap-reel-cover-gpx.jpg,"Grupeta sin “¿por dónde vamos?”
Ruta + desnivel + un GPX al chat.

https://pedalmap.es/blog/compartir-ruta-grupeta
#grupeta #ciclismo #pedalmap"
15,2026-08-26,premium,PedalMap Free vs Premium,/blog/free-vs-premium,https://pedalmap.es/social/pedalmap-reel-cover-objetivo.jpg,"Free para probar. Premium cuando entrenas en serio.
Trial 7 días en el plan anual.

https://pedalmap.es/premium
#pedalmap #ciclismo"
16,2026-08-27,evitar-trafico,evitar carreteras ruta bici,/blog/evitar-carreteras-ruta-bici,https://pedalmap.es/social/pedalmap-reel-cover-primera-ruta.jpg,"Menos nacional, más carril.
Ajusta preferencias y recalcula antes de salir.

https://pedalmap.es/blog/evitar-carreteras-ruta-bici
#seguridad #ciclismo #pedalmap"
17,2026-08-28,planificador-es,mejor planificador rutas bici España,/mejor-planificador-rutas-bici,https://pedalmap.es/social/pedalmap-post-crear-ruta.jpg,"Checklist de un buen planificador de rutas bici en España:
perfil · desnivel · viento · GPX.

https://pedalmap.es/mejor-planificador-rutas-bici
#ciclismo #españa #pedalmap"
18,2026-08-29,engagement,planificador rutas bici,/route-planner,https://pedalmap.es/social/pedalmap-post-gpx-garmin.jpg,"¿Garmin, Wahoo o móvil?
Comenta 1️⃣ 2️⃣ 3️⃣
Guías GPX en el perfil 👆 · planificador: https://pedalmap.es/route-planner
#ciclismo #pedalmap"
19,2026-08-30,crear-ruta,crear ruta bicicleta,/crear-ruta-bicicleta,https://pedalmap.es/social/pedalmap-post-viento.jpg,"Crea tu próxima ruta en bici en minutos.
Mapa · desnivel · superficie · viento.

Empieza Free → https://pedalmap.es/crear-ruta-bicicleta
#ciclismo #bici #rutas #pedalmap #españa"
20,2026-08-31,gpx-garmin,crear ruta GPX Garmin,/blog/exportar-gpx-garmin,https://pedalmap.es/social/pedalmap-post-madrid.jpg,"GPX de PedalMap → Garmin Connect → Edge.
Planifica con desnivel real antes de salir.

Guía: https://pedalmap.es/blog/exportar-gpx-garmin
#garmin #gpx #ciclismo #pedalmap"
21,2026-09-01,wahoo,pasar ruta Wahoo,/blog/pasar-ruta-wahoo,https://pedalmap.es/social/pedalmap-post-premium.jpg,"¿Wahoo ELEMNT?
Misma ruta PedalMap → GPX → app.
Suelo + viento + metros antes del entreno.

https://pedalmap.es/blog/pasar-ruta-wahoo
#wahoo #gpx #ciclismo #pedalmap"
22,2026-09-02,circular,ruta circular bicicleta,/ruta-circular-bicicleta,https://pedalmap.es/social/pedalmap-reel-cover-gpx.jpg,"¿Quieres ~60 km y 800 m+ sin destino fijo?
Modo Objetivo = ruta circular.
1 Free/mes · ilimitado en Premium.

https://pedalmap.es/ruta-circular-bicicleta
#entreno #ciclismo #pedalmap"
23,2026-09-03,viento,viento en la ruta bici,/blog/viento-en-la-ruta,https://pedalmap.es/social/pedalmap-reel-cover-objetivo.jpg,"El viento no se ve en Strava hasta que duele.
Míralo relativo a tu ruta antes de salir.

https://pedalmap.es/blog/viento-en-la-ruta
#ciclismo #entreno #pedalmap"
24,2026-09-04,desnivel,calcular desnivel ruta bici,/blog/calcular-desnivel-ruta-bici,https://pedalmap.es/social/pedalmap-reel-cover-primera-ruta.jpg,"Los km mienten. El desnivel no.
Revisa el perfil antes de comprometerte.

https://pedalmap.es/blog/calcular-desnivel-ruta-bici
#ciclismo #desnivel #pedalmap"
25,2026-09-05,ciudad-murcia,rutas bicicleta Murcia,/rutas-bicicleta-murcia,https://pedalmap.es/social/pedalmap-post-crear-ruta.jpg,"Rutas de bicicleta en Murcia: traza, mira metros y lleva GPX.

Guía: https://pedalmap.es/rutas-bicicleta-murcia
#murcia #ciclismo #pedalmap"
26,2026-09-06,gravel,planificador rutas gravel,/planificador-rutas-gravel,https://pedalmap.es/social/pedalmap-post-gpx-garmin.jpg,"Gravel ≠ carretera ≠ MTB.
Mismo A→B, distinta bici = distinta ruta.

https://pedalmap.es/planificador-rutas-gravel
#gravel #ciclismo #pedalmap"
27,2026-09-07,mtb,planificador rutas MTB,/planificador-rutas-mtb,https://pedalmap.es/social/pedalmap-post-viento.jpg,"MTB con desnivel visible y track GPX.
Planifica la sierra antes de improvisar.

https://pedalmap.es/planificador-rutas-mtb
#mtb #ciclismo #pedalmap"
28,2026-09-08,komoot,alternativa Komoot España,/alternativa-komoot,https://pedalmap.es/social/pedalmap-post-madrid.jpg,"¿Buscas alternativa a Komoot en España para planificar (no scrollear tracks)?
PedalMap: desnivel · viento · GPX · Free.

https://pedalmap.es/alternativa-komoot
#komoot #ciclismo #pedalmap"
29,2026-09-09,perfil-bici,perfil bici carretera gravel MTB,/blog/elegir-perfil-bici,https://pedalmap.es/social/pedalmap-post-premium.jpg,"Carretera, gravel o MTB: el perfil cambia el track.
Elige bien antes de calcular.

https://pedalmap.es/blog/elegir-perfil-bici
#ciclismo #pedalmap"
30,2026-09-10,osmand,GPX OsmAnd Organic Maps,/blog/gpx-osmand-organic-maps,https://pedalmap.es/social/pedalmap-reel-cover-gpx.jpg,"Sin Edge: GPX + OsmAnd / Organic Maps.
Misma ruta PedalMap en el móvil.

https://pedalmap.es/blog/gpx-osmand-organic-maps
#osmand #gpx #ciclismo #pedalmap"
31,2026-09-11,primera-ruta,crear ruta bicicleta online,/blog/primera-ruta-pedalmap,https://pedalmap.es/social/pedalmap-reel-cover-objetivo.jpg,"Primera ruta en PedalMap en 5 minutos.
Origen + destino + bici + calcular.

https://pedalmap.es/blog/primera-ruta-pedalmap
#tutorial #ciclismo #pedalmap"
32,2026-09-12,grupeta,compartir ruta grupeta GPX,/blog/compartir-ruta-grupeta,https://pedalmap.es/social/pedalmap-reel-cover-primera-ruta.jpg,"Grupeta sin “¿por dónde vamos?”
Ruta + desnivel + un GPX al chat.

https://pedalmap.es/blog/compartir-ruta-grupeta
#grupeta #ciclismo #pedalmap"
33,2026-09-13,premium,PedalMap Free vs Premium,/blog/free-vs-premium,https://pedalmap.es/social/pedalmap-post-crear-ruta.jpg,"Free para probar. Premium cuando entrenas en serio.
Trial 7 días en el plan anual.

https://pedalmap.es/premium
#pedalmap #ciclismo"
34,2026-09-14,evitar-trafico,evitar carreteras ruta bici,/blog/evitar-carreteras-ruta-bici,https://pedalmap.es/social/pedalmap-post-gpx-garmin.jpg,"Menos nacional, más carril.
Ajusta preferencias y recalcula antes de salir.

https://pedalmap.es/blog/evitar-carreteras-ruta-bici
#seguridad #ciclismo #pedalmap"
35,2026-09-15,planificador-es,mejor planificador rutas bici España,/mejor-planificador-rutas-bici,https://pedalmap.es/social/pedalmap-post-viento.jpg,"Checklist de un buen planificador de rutas bici en España:
perfil · desnivel · viento · GPX.

https://pedalmap.es/mejor-planificador-rutas-bici
#ciclismo #españa #pedalmap"
36,2026-09-16,engagement,planificador rutas bici,/route-planner,https://pedalmap.es/social/pedalmap-post-madrid.jpg,"¿Garmin, Wahoo o móvil?
Comenta 1️⃣ 2️⃣ 3️⃣
Guías GPX en el perfil 👆 · planificador: https://pedalmap.es/route-planner
#ciclismo #pedalmap"
37,2026-09-17,crear-ruta,crear ruta bicicleta,/crear-ruta-bicicleta,https://pedalmap.es/social/pedalmap-post-premium.jpg,"Crea tu próxima ruta en bici en minutos.
Mapa · desnivel · superficie · viento.

Empieza Free → https://pedalmap.es/crear-ruta-bicicleta
#ciclismo #bici #rutas #pedalmap #españa"
38,2026-09-18,gpx-garmin,crear ruta GPX Garmin,/blog/exportar-gpx-garmin,https://pedalmap.es/social/pedalmap-reel-cover-gpx.jpg,"GPX de PedalMap → Garmin Connect → Edge.
Planifica con desnivel real antes de salir.

Guía: https://pedalmap.es/blog/exportar-gpx-garmin
#garmin #gpx #ciclismo #pedalmap"
39,2026-09-19,wahoo,pasar ruta Wahoo,/blog/pasar-ruta-wahoo,https://pedalmap.es/social/pedalmap-reel-cover-objetivo.jpg,"¿Wahoo ELEMNT?
Misma ruta PedalMap → GPX → app.
Suelo + viento + metros antes del entreno.

https://pedalmap.es/blog/pasar-ruta-wahoo
#wahoo #gpx #ciclismo #pedalmap"
40,2026-09-20,circular,ruta circular bicicleta,/ruta-circular-bicicleta,https://pedalmap.es/social/pedalmap-reel-cover-primera-ruta.jpg,"¿Quieres ~60 km y 800 m+ sin destino fijo?
Modo Objetivo = ruta circular.
1 Free/mes · ilimitado en Premium.

https://pedalmap.es/ruta-circular-bicicleta
#entreno #ciclismo #pedalmap"
41,2026-09-21,viento,viento en la ruta bici,/blog/viento-en-la-ruta,https://pedalmap.es/social/pedalmap-post-crear-ruta.jpg,"El viento no se ve en Strava hasta que duele.
Míralo relativo a tu ruta antes de salir.

https://pedalmap.es/blog/viento-en-la-ruta
#ciclismo #entreno #pedalmap"
42,2026-09-22,desnivel,calcular desnivel ruta bici,/blog/calcular-desnivel-ruta-bici,https://pedalmap.es/social/pedalmap-post-gpx-garmin.jpg,"Los km mienten. El desnivel no.
Revisa el perfil antes de comprometerte.

https://pedalmap.es/blog/calcular-desnivel-ruta-bici
#ciclismo #desnivel #pedalmap"
43,2026-09-23,ciudad-valladolid,rutas bicicleta Valladolid,/rutas-bicicleta-valladolid,https://pedalmap.es/social/pedalmap-post-viento.jpg,"Rutas de bicicleta en Valladolid: traza, mira metros y lleva GPX.

Guía: https://pedalmap.es/rutas-bicicleta-valladolid
#valladolid #ciclismo #pedalmap"
44,2026-09-24,gravel,planificador rutas gravel,/planificador-rutas-gravel,https://pedalmap.es/social/pedalmap-post-madrid.jpg,"Gravel ≠ carretera ≠ MTB.
Mismo A→B, distinta bici = distinta ruta.

https://pedalmap.es/planificador-rutas-gravel
#gravel #ciclismo #pedalmap"
45,2026-09-25,mtb,planificador rutas MTB,/planificador-rutas-mtb,https://pedalmap.es/social/pedalmap-post-premium.jpg,"MTB con desnivel visible y track GPX.
Planifica la sierra antes de improvisar.

https://pedalmap.es/planificador-rutas-mtb
#mtb #ciclismo #pedalmap"
46,2026-09-26,komoot,alternativa Komoot España,/alternativa-komoot,https://pedalmap.es/social/pedalmap-reel-cover-gpx.jpg,"¿Buscas alternativa a Komoot en España para planificar (no scrollear tracks)?
PedalMap: desnivel · viento · GPX · Free.

https://pedalmap.es/alternativa-komoot
#komoot #ciclismo #pedalmap"
47,2026-09-27,perfil-bici,perfil bici carretera gravel MTB,/blog/elegir-perfil-bici,https://pedalmap.es/social/pedalmap-reel-cover-objetivo.jpg,"Carretera, gravel o MTB: el perfil cambia el track.
Elige bien antes de calcular.

https://pedalmap.es/blog/elegir-perfil-bici
#ciclismo #pedalmap"
48,2026-09-28,osmand,GPX OsmAnd Organic Maps,/blog/gpx-osmand-organic-maps,https://pedalmap.es/social/pedalmap-reel-cover-primera-ruta.jpg,"Sin Edge: GPX + OsmAnd / Organic Maps.
Misma ruta PedalMap en el móvil.

https://pedalmap.es/blog/gpx-osmand-organic-maps
#osmand #gpx #ciclismo #pedalmap"
49,2026-09-29,primera-ruta,crear ruta bicicleta online,/blog/primera-ruta-pedalmap,https://pedalmap.es/social/pedalmap-post-crear-ruta.jpg,"Primera ruta en PedalMap en 5 minutos.
Origen + destino + bici + calcular.

https://pedalmap.es/blog/primera-ruta-pedalmap
#tutorial #ciclismo #pedalmap"
50,2026-09-30,grupeta,compartir ruta grupeta GPX,/blog/compartir-ruta-grupeta,https://pedalmap.es/social/pedalmap-post-gpx-garmin.jpg,"Grupeta sin “¿por dónde vamos?”
Ruta + desnivel + un GPX al chat.

https://pedalmap.es/blog/compartir-ruta-grupeta
#grupeta #ciclismo #pedalmap"
51,2026-10-01,premium,PedalMap Free vs Premium,/blog/free-vs-premium,https://pedalmap.es/social/pedalmap-post-viento.jpg,"Free para probar. Premium cuando entrenas en serio.
Trial 7 días en el plan anual.

https://pedalmap.es/premium
#pedalmap #ciclismo"
52,2026-10-02,evitar-trafico,evitar carreteras ruta bici,/blog/evitar-carreteras-ruta-bici,https://pedalmap.es/social/pedalmap-post-madrid.jpg,"Menos nacional, más carril.
Ajusta preferencias y recalcula antes de salir.

https://pedalmap.es/blog/evitar-carreteras-ruta-bici
#seguridad #ciclismo #pedalmap"
53,2026-10-03,planificador-es,mejor planificador rutas bici España,/mejor-planificador-rutas-bici,https://pedalmap.es/social/pedalmap-post-premium.jpg,"Checklist de un buen planificador de rutas bici en España:
perfil · desnivel · viento · GPX.

https://pedalmap.es/mejor-planificador-rutas-bici
#ciclismo #españa #pedalmap"
54,2026-10-04,engagement,planificador rutas bici,/route-planner,https://pedalmap.es/social/pedalmap-reel-cover-gpx.jpg,"¿Garmin, Wahoo o móvil?
Comenta 1️⃣ 2️⃣ 3️⃣
Guías GPX en el perfil 👆 · planificador: https://pedalmap.es/route-planner
#ciclismo #pedalmap"
55,2026-10-05,crear-ruta,crear ruta bicicleta,/crear-ruta-bicicleta,https://pedalmap.es/social/pedalmap-reel-cover-objetivo.jpg,"Crea tu próxima ruta en bici en minutos.
Mapa · desnivel · superficie · viento.

Empieza Free → https://pedalmap.es/crear-ruta-bicicleta
#ciclismo #bici #rutas #pedalmap #españa"
56,2026-10-06,gpx-garmin,crear ruta GPX Garmin,/blog/exportar-gpx-garmin,https://pedalmap.es/social/pedalmap-reel-cover-primera-ruta.jpg,"GPX de PedalMap → Garmin Connect → Edge.
Planifica con desnivel real antes de salir.

Guía: https://pedalmap.es/blog/exportar-gpx-garmin
#garmin #gpx #ciclismo #pedalmap"
57,2026-10-07,wahoo,pasar ruta Wahoo,/blog/pasar-ruta-wahoo,https://pedalmap.es/social/pedalmap-post-crear-ruta.jpg,"¿Wahoo ELEMNT?
Misma ruta PedalMap → GPX → app.
Suelo + viento + metros antes del entreno.

https://pedalmap.es/blog/pasar-ruta-wahoo
#wahoo #gpx #ciclismo #pedalmap"
58,2026-10-08,circular,ruta circular bicicleta,/ruta-circular-bicicleta,https://pedalmap.es/social/pedalmap-post-gpx-garmin.jpg,"¿Quieres ~60 km y 800 m+ sin destino fijo?
Modo Objetivo = ruta circular.
1 Free/mes · ilimitado en Premium.

https://pedalmap.es/ruta-circular-bicicleta
#entreno #ciclismo #pedalmap"
59,2026-10-09,viento,viento en la ruta bici,/blog/viento-en-la-ruta,https://pedalmap.es/social/pedalmap-post-viento.jpg,"El viento no se ve en Strava hasta que duele.
Míralo relativo a tu ruta antes de salir.

https://pedalmap.es/blog/viento-en-la-ruta
#ciclismo #entreno #pedalmap"
60,2026-10-10,desnivel,calcular desnivel ruta bici,/blog/calcular-desnivel-ruta-bici,https://pedalmap.es/social/pedalmap-post-madrid.jpg,"Los km mienten. El desnivel no.
Revisa el perfil antes de comprometerte.

https://pedalmap.es/blog/calcular-desnivel-ruta-bici
#ciclismo #desnivel #pedalmap"
61,2026-10-11,ciudad-madrid,rutas bicicleta Madrid,/rutas-bicicleta-madrid,https://pedalmap.es/social/pedalmap-post-premium.jpg,"Rutas de bicicleta en Madrid: traza, mira metros y lleva GPX.

Guía: https://pedalmap.es/rutas-bicicleta-madrid
#madrid #ciclismo #pedalmap"
62,2026-10-12,gravel,planificador rutas gravel,/planificador-rutas-gravel,https://pedalmap.es/social/pedalmap-reel-cover-gpx.jpg,"Gravel ≠ carretera ≠ MTB.
Mismo A→B, distinta bici = distinta ruta.

https://pedalmap.es/planificador-rutas-gravel
#gravel #ciclismo #pedalmap"
63,2026-10-13,mtb,planificador rutas MTB,/planificador-rutas-mtb,https://pedalmap.es/social/pedalmap-reel-cover-objetivo.jpg,"MTB con desnivel visible y track GPX.
Planifica la sierra antes de improvisar.

https://pedalmap.es/planificador-rutas-mtb
#mtb #ciclismo #pedalmap"
64,2026-10-14,komoot,alternativa Komoot España,/alternativa-komoot,https://pedalmap.es/social/pedalmap-reel-cover-primera-ruta.jpg,"¿Buscas alternativa a Komoot en España para planificar (no scrollear tracks)?
PedalMap: desnivel · viento · GPX · Free.

https://pedalmap.es/alternativa-komoot
#komoot #ciclismo #pedalmap"
65,2026-10-15,perfil-bici,perfil bici carretera gravel MTB,/blog/elegir-perfil-bici,https://pedalmap.es/social/pedalmap-post-crear-ruta.jpg,"Carretera, gravel o MTB: el perfil cambia el track.
Elige bien antes de calcular.

https://pedalmap.es/blog/elegir-perfil-bici
#ciclismo #pedalmap"
66,2026-10-16,osmand,GPX OsmAnd Organic Maps,/blog/gpx-osmand-organic-maps,https://pedalmap.es/social/pedalmap-post-gpx-garmin.jpg,"Sin Edge: GPX + OsmAnd / Organic Maps.
Misma ruta PedalMap en el móvil.

https://pedalmap.es/blog/gpx-osmand-organic-maps
#osmand #gpx #ciclismo #pedalmap"
67,2026-10-17,primera-ruta,crear ruta bicicleta online,/blog/primera-ruta-pedalmap,https://pedalmap.es/social/pedalmap-post-viento.jpg,"Primera ruta en PedalMap en 5 minutos.
Origen + destino + bici + calcular.

https://pedalmap.es/blog/primera-ruta-pedalmap
#tutorial #ciclismo #pedalmap"
68,2026-10-18,grupeta,compartir ruta grupeta GPX,/blog/compartir-ruta-grupeta,https://pedalmap.es/social/pedalmap-post-madrid.jpg,"Grupeta sin “¿por dónde vamos?”
Ruta + desnivel + un GPX al chat.

https://pedalmap.es/blog/compartir-ruta-grupeta
#grupeta #ciclismo #pedalmap"
69,2026-10-19,premium,PedalMap Free vs Premium,/blog/free-vs-premium,https://pedalmap.es/social/pedalmap-post-premium.jpg,"Free para probar. Premium cuando entrenas en serio.
Trial 7 días en el plan anual.

https://pedalmap.es/premium
#pedalmap #ciclismo"
70,2026-10-20,evitar-trafico,evitar carreteras ruta bici,/blog/evitar-carreteras-ruta-bici,https://pedalmap.es/social/pedalmap-reel-cover-gpx.jpg,"Menos nacional, más carril.
Ajusta preferencias y recalcula antes de salir.

https://pedalmap.es/blog/evitar-carreteras-ruta-bici
#seguridad #ciclismo #pedalmap"
71,2026-10-21,planificador-es,mejor planificador rutas bici España,/mejor-planificador-rutas-bici,https://pedalmap.es/social/pedalmap-reel-cover-objetivo.jpg,"Checklist de un buen planificador de rutas bici en España:
perfil · desnivel · viento · GPX.

https://pedalmap.es/mejor-planificador-rutas-bici
#ciclismo #españa #pedalmap"
72,2026-10-22,engagement,planificador rutas bici,/route-planner,https://pedalmap.es/social/pedalmap-reel-cover-primera-ruta.jpg,"¿Garmin, Wahoo o móvil?
Comenta 1️⃣ 2️⃣ 3️⃣
Guías GPX en el perfil 👆 · planificador: https://pedalmap.es/route-planner
#ciclismo #pedalmap"
73,2026-10-23,crear-ruta,crear ruta bicicleta,/crear-ruta-bicicleta,https://pedalmap.es/social/pedalmap-post-crear-ruta.jpg,"Crea tu próxima ruta en bici en minutos.
Mapa · desnivel · superficie · viento.

Empieza Free → https://pedalmap.es/crear-ruta-bicicleta
#ciclismo #bici #rutas #pedalmap #españa"
74,2026-10-24,gpx-garmin,crear ruta GPX Garmin,/blog/exportar-gpx-garmin,https://pedalmap.es/social/pedalmap-post-gpx-garmin.jpg,"GPX de PedalMap → Garmin Connect → Edge.
Planifica con desnivel real antes de salir.

Guía: https://pedalmap.es/blog/exportar-gpx-garmin
#garmin #gpx #ciclismo #pedalmap"
75,2026-10-25,wahoo,pasar ruta Wahoo,/blog/pasar-ruta-wahoo,https://pedalmap.es/social/pedalmap-post-viento.jpg,"¿Wahoo ELEMNT?
Misma ruta PedalMap → GPX → app.
Suelo + viento + metros antes del entreno.

https://pedalmap.es/blog/pasar-ruta-wahoo
#wahoo #gpx #ciclismo #pedalmap"
76,2026-10-26,circular,ruta circular bicicleta,/ruta-circular-bicicleta,https://pedalmap.es/social/pedalmap-post-madrid.jpg,"¿Quieres ~60 km y 800 m+ sin destino fijo?
Modo Objetivo = ruta circular.
1 Free/mes · ilimitado en Premium.

https://pedalmap.es/ruta-circular-bicicleta
#entreno #ciclismo #pedalmap"
77,2026-10-27,viento,viento en la ruta bici,/blog/viento-en-la-ruta,https://pedalmap.es/social/pedalmap-post-premium.jpg,"El viento no se ve en Strava hasta que duele.
Míralo relativo a tu ruta antes de salir.

https://pedalmap.es/blog/viento-en-la-ruta
#ciclismo #entreno #pedalmap"
78,2026-10-28,desnivel,calcular desnivel ruta bici,/blog/calcular-desnivel-ruta-bici,https://pedalmap.es/social/pedalmap-reel-cover-gpx.jpg,"Los km mienten. El desnivel no.
Revisa el perfil antes de comprometerte.

https://pedalmap.es/blog/calcular-desnivel-ruta-bici
#ciclismo #desnivel #pedalmap"
79,2026-10-29,ciudad-sevilla,rutas bicicleta Sevilla,/rutas-bicicleta-sevilla,https://pedalmap.es/social/pedalmap-reel-cover-objetivo.jpg,"Rutas de bicicleta en Sevilla: traza, mira metros y lleva GPX.

Guía: https://pedalmap.es/rutas-bicicleta-sevilla
#sevilla #ciclismo #pedalmap"
80,2026-10-30,gravel,planificador rutas gravel,/planificador-rutas-gravel,https://pedalmap.es/social/pedalmap-reel-cover-primera-ruta.jpg,"Gravel ≠ carretera ≠ MTB.
Mismo A→B, distinta bici = distinta ruta.

https://pedalmap.es/planificador-rutas-gravel
#gravel #ciclismo #pedalmap"
81,2026-10-31,mtb,planificador rutas MTB,/planificador-rutas-mtb,https://pedalmap.es/social/pedalmap-post-crear-ruta.jpg,"MTB con desnivel visible y track GPX.
Planifica la sierra antes de improvisar.

https://pedalmap.es/planificador-rutas-mtb
#mtb #ciclismo #pedalmap"
82,2026-11-01,komoot,alternativa Komoot España,/alternativa-komoot,https://pedalmap.es/social/pedalmap-post-gpx-garmin.jpg,"¿Buscas alternativa a Komoot en España para planificar (no scrollear tracks)?
PedalMap: desnivel · viento · GPX · Free.

https://pedalmap.es/alternativa-komoot
#komoot #ciclismo #pedalmap"
83,2026-11-02,perfil-bici,perfil bici carretera gravel MTB,/blog/elegir-perfil-bici,https://pedalmap.es/social/pedalmap-post-viento.jpg,"Carretera, gravel o MTB: el perfil cambia el track.
Elige bien antes de calcular.

https://pedalmap.es/blog/elegir-perfil-bici
#ciclismo #pedalmap"
84,2026-11-03,osmand,GPX OsmAnd Organic Maps,/blog/gpx-osmand-organic-maps,https://pedalmap.es/social/pedalmap-post-madrid.jpg,"Sin Edge: GPX + OsmAnd / Organic Maps.
Misma ruta PedalMap en el móvil.

https://pedalmap.es/blog/gpx-osmand-organic-maps
#osmand #gpx #ciclismo #pedalmap"
85,2026-11-04,primera-ruta,crear ruta bicicleta online,/blog/primera-ruta-pedalmap,https://pedalmap.es/social/pedalmap-post-premium.jpg,"Primera ruta en PedalMap en 5 minutos.
Origen + destino + bici + calcular.

https://pedalmap.es/blog/primera-ruta-pedalmap
#tutorial #ciclismo #pedalmap"
86,2026-11-05,grupeta,compartir ruta grupeta GPX,/blog/compartir-ruta-grupeta,https://pedalmap.es/social/pedalmap-reel-cover-gpx.jpg,"Grupeta sin “¿por dónde vamos?”
Ruta + desnivel + un GPX al chat.

https://pedalmap.es/blog/compartir-ruta-grupeta
#grupeta #ciclismo #pedalmap"
87,2026-11-06,premium,PedalMap Free vs Premium,/blog/free-vs-premium,https://pedalmap.es/social/pedalmap-reel-cover-objetivo.jpg,"Free para probar. Premium cuando entrenas en serio.
Trial 7 días en el plan anual.

https://pedalmap.es/premium
#pedalmap #ciclismo"
88,2026-11-07,evitar-trafico,evitar carreteras ruta bici,/blog/evitar-carreteras-ruta-bici,https://pedalmap.es/social/pedalmap-reel-cover-primera-ruta.jpg,"Menos nacional, más carril.
Ajusta preferencias y recalcula antes de salir.

https://pedalmap.es/blog/evitar-carreteras-ruta-bici
#seguridad #ciclismo #pedalmap"
89,2026-11-08,planificador-es,mejor planificador rutas bici España,/mejor-planificador-rutas-bici,https://pedalmap.es/social/pedalmap-post-crear-ruta.jpg,"Checklist de un buen planificador de rutas bici en España:
perfil · desnivel · viento · GPX.

https://pedalmap.es/mejor-planificador-rutas-bici
#ciclismo #españa #pedalmap"
90,2026-11-09,engagement,planificador rutas bici,/route-planner,https://pedalmap.es/social/pedalmap-post-gpx-garmin.jpg,"¿Garmin, Wahoo o móvil?
Comenta 1️⃣ 2️⃣ 3️⃣
Guías GPX en el perfil 👆 · planificador: https://pedalmap.es/route-planner
#ciclismo #pedalmap"